-- phpMyAdmin SQL Dump
-- version 5.0.4
-- https://www.phpmyadmin.net/
--
-- Хост: localhost
-- Время создания: Янв 09 2021 г., 09:46
-- Версия сервера: 10.3.17-MariaDB
-- Версия PHP: 7.2.24

SET SQL_MODE = "NO_AUTO_VALUE_ON_ZERO";
START TRANSACTION;
SET time_zone = "+00:00";


/*!40101 SET @OLD_CHARACTER_SET_CLIENT=@@CHARACTER_SET_CLIENT */;
/*!40101 SET @OLD_CHARACTER_SET_RESULTS=@@CHARACTER_SET_RESULTS */;
/*!40101 SET @OLD_COLLATION_CONNECTION=@@COLLATION_CONNECTION */;
/*!40101 SET NAMES utf8mb4 */;

--
-- База данных: `kali`
--

-- --------------------------------------------------------

--
-- Структура таблицы `commands`
--

CREATE TABLE `commands` (
  `id` int(11) NOT NULL,
  `name` varchar(80) COLLATE utf8mb4_unicode_ci DEFAULT NULL,
  `description` mediumtext COLLATE utf8mb4_unicode_ci DEFAULT NULL,
  `examples` mediumtext COLLATE utf8mb4_unicode_ci DEFAULT NULL,
  `tool` int(11) DEFAULT NULL,
  `type` varchar(30) COLLATE utf8mb4_unicode_ci DEFAULT NULL,
  `command` mediumtext COLLATE utf8mb4_unicode_ci DEFAULT NULL,
  `example` varchar(150) COLLATE utf8mb4_unicode_ci DEFAULT NULL,
  `sudo` int(1) DEFAULT NULL,
  `category` varchar(100) COLLATE utf8mb4_unicode_ci DEFAULT NULL
) ENGINE=InnoDB DEFAULT CHARSET=utf8mb4 COLLATE=utf8mb4_unicode_ci;

--
-- Дамп данных таблицы `commands`
--

INSERT INTO `commands` (`id`, `name`, `description`, `examples`, `tool`, `type`, `command`, `example`, `sudo`, `category`) VALUES
(1, 'Сканировать указанные порты', NULL, 'nmap -p 80,443 8.8.8.8', 1, 'input', '-p', 'Specific: 80,443 OR Range: 1-65536', NULL, 'PORT SPECIFICATION AND SCAN ORDER'),
(28, 'Ping Scan - disable port scan', NULL, NULL, 1, 'checkbox', '-sL', NULL, NULL, 'HOST DISCOVERY'),
(29, 'Skip host discovery', NULL, NULL, 1, 'checkbox', '-Pn', NULL, NULL, 'HOST DISCOVERY'),
(30, 'Trace hop path to each host', NULL, NULL, 1, 'checkbox', '--traceroute', NULL, NULL, 'HOST DISCOVERY'),
(31, 'Use OS\'s DNS resolver', NULL, NULL, 1, 'checkbox', '--system-dns', NULL, NULL, 'HOST DISCOVERY'),
(32, 'Exclude hosts/networks', NULL, NULL, 1, 'input', '--exclude', 'Example: 192.168.0.1', NULL, 'TARGET SPECIFICATION'),
(33, 'Включить обнаружени ОС', NULL, NULL, 1, 'checkbox', '-O', NULL, NULL, 'OS DETECTION'),
(34, 'Сканирование протокола IP', NULL, NULL, 1, 'checkbox', '-sO', NULL, NULL, 'SCAN TECHNIQUES'),
(35, 'FTP bounce scan', NULL, NULL, 1, 'checkbox', '-b', NULL, NULL, 'SCAN TECHNIQUES'),
(36, 'Исключить выбранные порты из зоны сканирования', NULL, NULL, 1, 'input', '--exclude-ports', 'Specific: 80,443 OR Range: 1-65536', NULL, 'PORT SPECIFICATION AND SCAN ORDER'),
(37, 'Сканировать топ-100 портов', NULL, NULL, 1, 'checkbox', '-F', NULL, NULL, 'PORT SPECIFICATION AND SCAN ORDER'),
(40, 'Обнаружение версии сервисов', NULL, NULL, 1, 'checkbox', '-sV', NULL, NULL, 'SERVICE/VERSION DETECTION'),
(42, 'Агрессивное сканирование', NULL, NULL, 1, 'checkbox', '-A', NULL, NULL, 'MISC'),
(43, 'Выводить версию', NULL, NULL, 1, 'show', '-V', NULL, NULL, 'MISC'),
(44, 'Показать мануал', NULL, NULL, 1, 'show', '-h', NULL, NULL, 'MISC'),
(45, 'Включить IPv6 сканирование', NULL, NULL, 1, 'checkbox', '-6', NULL, NULL, 'MISC'),
(47, 'UDP Сканирование', NULL, NULL, 1, 'checkbox', '-sU', NULL, NULL, 'SCAN TECHNIQUES'),
(48, 'Сканировать на наличие уязвимостей', NULL, NULL, 1, 'checkbox', '-sS -sC -Pn --script vuln', 'nmap -sS -sC -Pn --script vuln scanme.nmap.org ', NULL, NULL),
(49, 'Сканировать на наличие експлоитов', NULL, NULL, 1, 'checkbox', '-Pn -sS -sC --script exploit', 'nmap -Pn -sS -sC --script exploit scanme.nmap.org  ', NULL, NULL),
(50, 'Сканировать на уязвимость DoS атакам ', NULL, NULL, 1, 'checkbox', '-Pn -sS -sC --script dos', 'nmap -Pn -sS -sC --script dos scanme.nmap.org ', NULL, NULL),
(52, 'Эмулировать атаку DoS', NULL, NULL, 1, 'checkbox', '--max-parallelism 750 -Pn --script http-slowloris --script-args http-slowloris.runforever=true', 'nmap --max-parallelism 750 -Pn --script http-slowloris --script-args http-slowloris.runforever=true scanme.nmap.org', NULL, NULL),
(53, 'Искать поддомены', NULL, NULL, 1, 'checkbox', '-p 80 --script dns-brute.nse', 'nmap -p 80 --script dns-brute.nse vulnweb.com', NULL, NULL),
(54, 'Сканировать все 65535 портов', NULL, NULL, 1, 'checkbox', '-p-', NULL, NULL, NULL),
(55, 'Сканировать используя TCP соединение', NULL, NULL, 1, 'checkbox', '-sT', NULL, NULL, 'SCAN TECHNIQUES'),
(56, 'Сканировать UDP порты', NULL, NULL, 1, 'checkbox', '-sU -p 123,161,162', NULL, NULL, NULL),
(57, 'Service detection (Agressive)', NULL, NULL, 1, 'checkbox', '--version-intensity 5', NULL, NULL, 'SERVICE/VERSION DETECTION'),
(58, 'Service detection (Lighter)', NULL, NULL, 1, 'checkbox', '-sV --version-intensity 0', NULL, NULL, 'SERVICE/VERSION DETECTION'),
(59, 'Scan using default safe scripts', NULL, NULL, 1, 'checkbox', '-sV -sC', NULL, NULL, NULL),
(60, 'Scan for UDP DDOS reflectors', NULL, NULL, 1, 'checkbox', '–sU –A –PN –n –pU:19,53,123,161 –script=ntp-monlist,dns-recursion,snmp-sysdescr', NULL, NULL, NULL),
(61, 'Gather page titles from HTTP services', NULL, NULL, 1, 'checkbox', '--script=http-title', NULL, NULL, 'HTTP Service Information'),
(62, 'Get HTTP headers of web services', NULL, NULL, 1, 'checkbox', '--script=http-headers', NULL, NULL, 'HTTP Service Information'),
(63, 'Find web apps from known paths', NULL, NULL, 1, 'checkbox', '--script=http-enum', NULL, NULL, NULL),
(64, 'Only show open (or possibly open) ports', NULL, NULL, 1, 'checkbox', '--open', NULL, NULL, NULL),
(65, 'Show host interfaces and routes', NULL, NULL, 1, 'checkbox', '--iflist', NULL, NULL, NULL),
(66, 'Scan using IP protocol ping', NULL, NULL, 1, 'checkbox', '-PO', NULL, NULL, NULL),
(67, 'Scan using UDP ping', NULL, NULL, 1, 'checkbox', '-PU', NULL, NULL, NULL),
(68, 'TCP Fin scan to check firewall', NULL, NULL, 1, 'checkbox', '-sF', NULL, NULL, 'Scan a firewall for security weakness'),
(69, 'TCP Xmas scan to check firewall', NULL, NULL, 1, 'checkbox', '-sX', NULL, NULL, 'Scan a firewall for security weakness'),
(70, 'TCP Null Scan to fool a firewall to generate a response', NULL, NULL, 1, 'checkbox', '-sN', NULL, NULL, 'Scan a firewall for security weakness'),
(71, 'Perform a DNS TLD expansion', NULL, NULL, 3, 'checkbox', '-t', NULL, NULL, NULL),
(72, 'Perform a DNS brute force', NULL, NULL, 3, 'checkbox', '-c', NULL, NULL, NULL),
(73, 'Perform a DNS reverse query', NULL, NULL, 3, 'checkbox', '-n', NULL, NULL, NULL),
(74, 'Use this DNS server', NULL, NULL, 3, 'input', '-e', 'Set a DNS server', NULL, NULL),
(75, 'Limit the number of results to work with', NULL, NULL, 3, 'input', '-l', 'Google goes from 100 to 100', NULL, NULL),
(76, 'Start in result number', NULL, NULL, 3, 'input', '-s', 'Default 0', NULL, NULL),
(77, 'Data source', NULL, NULL, 3, 'input', '-b', 'Ex.: google,bing,linkedin', NULL, NULL),
(78, 'Use this source address', NULL, NULL, 8, 'input', '-S', NULL, NULL, NULL),
(79, 'Limit time to wait per try', NULL, NULL, 8, 'input', '-t', NULL, NULL, NULL),
(80, 'Don\'t query IPv6 servers', NULL, NULL, 8, 'checkbox', '-4', NULL, NULL, NULL),
(81, 'Show all details and informations', NULL, NULL, 8, 'checkbox', '-v', NULL, NULL, NULL),
(82, 'Retry limit', NULL, NULL, 8, 'input', '-r', 'Ex: 1', NULL, NULL),
(83, 'Specific the register type', NULL, NULL, 8, 'input', '-q', 'Ex: A, AAA, MX, NS, TXT', NULL, NULL),
(84, 'Enable overview of received answers', NULL, NULL, 8, 'checkbox', '-o', NULL, NULL, NULL),
(85, 'Enable negative cache', NULL, NULL, 8, 'checkbox', '-C', NULL, NULL, NULL),
(86, 'Disable local caching', NULL, NULL, 8, 'checkbox', '-c', NULL, NULL, NULL),
(87, 'Verify host name and search for virtual hosts', NULL, NULL, 3, 'checkbox', '-v', NULL, NULL, NULL),
(88, 'Search', NULL, NULL, 15, 'input', 'search', 'To use this, clean target\'s field.', NULL, NULL),
(90, 'Search emails with the local-part', NULL, NULL, 15, 'checkbox', '--local-part', NULL, NULL, NULL),
(91, 'Search emails with the password', NULL, NULL, 15, 'checkbox', '--password', NULL, NULL, NULL),
(92, 'Search emails with the domain', NULL, NULL, 15, 'checkbox', '--domain', NULL, NULL, NULL),
(93, NULL, NULL, NULL, NULL, NULL, NULL, NULL, NULL, NULL),
(94, NULL, NULL, NULL, NULL, NULL, NULL, NULL, NULL, NULL),
(95, NULL, NULL, NULL, NULL, NULL, NULL, NULL, NULL, NULL),
(96, NULL, NULL, NULL, NULL, NULL, NULL, NULL, NULL, NULL);

-- --------------------------------------------------------

--
-- Структура таблицы `reports`
--

CREATE TABLE `reports` (
  `id` int(11) NOT NULL,
  `name` varchar(100) COLLATE utf8mb4_unicode_ci DEFAULT NULL,
  `tools` varchar(100) COLLATE utf8mb4_unicode_ci DEFAULT NULL,
  `command` varchar(500) COLLATE utf8mb4_unicode_ci DEFAULT NULL,
  `output` mediumtext COLLATE utf8mb4_unicode_ci DEFAULT NULL,
  `solution` mediumtext COLLATE utf8mb4_unicode_ci DEFAULT NULL,
  `dataHour` datetime DEFAULT NULL
) ENGINE=InnoDB DEFAULT CHARSET=utf8mb4 COLLATE=utf8mb4_unicode_ci;

--
-- Дамп данных таблицы `reports`
--

INSERT INTO `reports` (`id`, `name`, `tools`, `command`, `output`, `solution`, `dataHour`) VALUES
(60, 'theHarvester', 'Gmail - Pesquisa de e-mails', 'python /home/kali/Downloads/theHarvester/theHarvester.py  -b google -l 50 -d gmail.com', '[-] Searching in Google:\n	Searching 0 results...\n\n[+] Emails found:\n------------------\nexample@gmail.com\nexamp1e@gmail.com\nfolha.campinas@gmail.com\nprodutividade.coop.rj@gmail.com\npereirabarbosa.joao@gmail.com\nhello@gmail.com\nhumoristarudy@gmail.com\naugustolessa.rj@gmail.com\nmaria.nazareth.52@gmail.com\nedilson@gmail.com\nselecaoll2017@gmail.com\nusername@gmail.com\nquermesse.restaurante@gmail.com\npickalimentos@gmail.com\nsucuricleanups2@gmail.com\nflaviag.neide@gmail.com\nAmazonasautomoveis@gmail.com\nAmazonasautomoveis@gmail.com\nilankriger@gmail.com\n2606iolanda@gmail.com\npousadatocadosursos@gmail.com\nadrientwu@gmail.com\nsniprosperidadevilasonia@gmail.com\nbeechamanda@gmail.com\njohn.doe@gmail.com\njohndoe@gmail.com\nmagi.tonis@gmail.com\ngustavo.brafman@gmail.com\nmfatima.silva22@gmail.com\nlmgrh1@gmail.com\nmarliquantica@gmail.com\npatimezzomo@gmail.com\nrefrig.ar.nilson@gmail.com\nneedessentials1@gmail.com\nneeraj.knit06@gmail.com\nJennyseomarketing010@gmail.com\njennyseomarketing010@gmail.com\njeanhtorres@gmail.com\nGuerillaClick@gmail.com\nguerillaclick@gmail.com\npousadacasadasfontes@gmail.com\nlucasgiovanny@gmail.com\nyourname@gmail.com\nyour.name@gmail.com\ny.o.u.r.n.a.m.e.@gmail.com\n11wcc.rio@gmail.com\nvfcadettes@gmail.com\nconveniadagremioviamao@gmail.com\nvovoanitagramado@gmail.com\nhotelkamomil@gmail.com\nchansookchoi@gmail.com\nxyz@mail.gmail.com\ncojacre@gmail.com\nrafabastos.1999@gmail.com\nggloriassousa@gmail.com\ninstitutoibrae@gmail.com\niaupe.carnaiba2019@gmail.com\nyourusername@gmail.com\n\n[+] Hosts found in search engines:\n------------------------------------\n172.217.30.5:www.gmail.com\n64.233.186.108:smtp.gmail.com\n64.233.190.108:imap.gmail.com\n', '<b>theHarvester</b> is a great tool for collecting information from a particular host, with it it is possible to get a list of emails, subdomains, hosts, employee names, open ports, banners from different public sources, PGP keys and mapped information by SHODAN.\r\n\r\n<h2 style=\'color: white\'>FIX THIS</h2>\r\n<p>\r\nThe information found by theHarvester is indexed in Internet pages. If you want to hide this content you need to identify in the source of this information.\r\nFor this, one can be applied techniques like Google Hacking to refine the search in search engines users by theHarvester.\r\n\r\nOnce the data source is identified, you can hide or delete the data, for example, from a social network. If it is a content of your own, such as a personal blog, just create a robots.txt file and hide the pages that have the information.\r\n</p>\r\n\r\n\r\n<h2 style=\'color: white\'>USEFUL LINKS</h2>\r\n<strong>\r\n  <a href=\"https://securitytrails.com/blog/google-hacking-techniques\" class=\"text-warning\">• Google Hacking Techniques</a><br>\r\n  <a href=\"https://www.searchenginejournal.com/best-practices-setting-meta-robots-tags-robots-txt/188655/\" class=\"text-warning\">• Best Practices robots.txt</a>\r\n\r\n</strong>', '2019-07-01 22:17:46'),
(62, 'Karma', 'Varredura example@gmail.com', 'karma  target example@gmail.com', '[sudo] password for kali: [32m[+] starting search [00m\n[32m[+] 1/1 request email: example@gmail.com [00m\n[32m[+] analyzing results: [00m\n[32m[+] 60 results found in 2.80s [00m\n\n\n	A J V T B Y 0 T 5\n	C U F I N 1 Q G V\n	P H R K A J C X M\n	I G F 4 T G E M K\n	T H J S U 2 G 1 9\n	8 B S B F W 0 R M\n	0 Z [1mK A R M A [0mA X\n	W 2 V T A C L 1 Z\n	Y 6 W G I V S 3 Z\n	X S E 6 E C S V D\n	G Q 7 B X N P U T\n	A 1 L X F W V Y 5\n\n	decoxviii\n	1.2.1\n\n+-------------------+----------------------------------+\n|       Email       |             Password             |\n+===================+==================================+\n| example@gmail.com | pokelion                         |\n| example@gmail.com | 89151321781                      |\n| example@gmail.com | 123qwe321Ewq                     |\n| example@gmail.com | buzzman                          |\n| example@gmail.com | 123qwe321Ewq                     |\n| example@gmail.com | santiago                         |\n| example@gmail.com | cynthia                          |\n| example@gmail.com | bob                              |\n| Example@gmail.com | eclips1                          |\n| example@gmail.com | 0987654321                       |\n| example@gmail.com | abc123458                        |\n| example@gmail.com | 790223                           |\n| example@gmail.com | ep8c4600                         |\n| example@gmail.com | 15032000                         |\n| example@gmail.com | 20101997                         |\n| example@gmail.com | sushi                            |\n| example@gmail.com | password                         |\n| example@gmail.com | ff6sadfa4325342235233243dsffds   |\n| example@gmail.com | gandjubasik_91                   |\n| example@gmail.com | kaylateam23                      |\n| example@gmail.com | andreev                          |\n| example@gmail.com | 1234560                          |\n| example@gmail.com | 15108302012                      |\n| example@gmail.com | 593555                           |\n| example@gmail.com | 12345                            |\n| example@gmail.com | gandjubasik_91                   |\n| example@gmail.com | asdfghjk                         |\n| example@gmail.com | 89506752655                      |\n| example@gmail.com | bagrat                           |\n| example@gmail.com | December                         |\n| example@gmail.com | Squid                            |\n| example@gmail.com | ekawebop                         |\n| example@gmail.com | lol                              |\n| example@gmail.com | stormy                           |\n| example@gmail.com | Example213                       |\n| example@gmail.com | 123123123                        |\n| Example@gmail.com | 1234567                          |\n| example@gmail.com | Connor12                         |\n| example@gmail.com | hi                               |\n| example@gmail.com | 08amy                            |\n| example@gmail.com | mastergamer12                    |\n| example@gmail.com | 1234567890                       |\n| example@gmail.com | 01012243                         |\n| example@gmail.com | loulou17                         |\n| example@gmail.com | hiseth                           |\n| example@gmail.com | elementqaz                       |\n| example@gmail.com | Volution                         |\n| example@gmail.com | 45165153                         |\n| example@gmail.com | 2346689512513                    |\n| example@gmail.com | fcea920f7412b5da7be0cf42b8c93759 |\n| example@gmail.com | hiltonlover77                    |\n| example@gmail.com | aak2002dn                        |\n| example@gmail.com | 1234567                          |\n| example@gmail.com | westpark1                        |\n| example@gmail.com | 123456                           |\n| example@gmail.com | pic                              |\n| example@gmail.com | example@gmail.com                |\n| example@gmail.com | scorpian7887                     |\n| example@gmail.com | 89506752655                      |\n| example@gmail.com | brantford1                       |\n+-------------------+----------------------------------+\n', '<b>Karma</b> find leaked emails with your passwords. If you have located a known password linked to your email, you MUST change it immediately.\r\n\r\n<h2 style=\'color: white\'>FIX THIS</h2>\r\n<p>It is recommended to <b>change the password of your email and all the services you use</b> (Facebook, Twitter, Snapchat, Instagram, Netflix, Spotify, etc). To do so, go to the official website or service app and change your password in SETTINGS.</p>\r\n\r\n<p><b>Create a strong password</b> that is totally different from the current one and avoid using personal data such as date of birth, name, cpf, etc. Combining letters, numbers and special characters will only increase your security.</p>\r\n\r\n<h2 style=\'color: white\'>PROTECTION</h2>\r\n<p>To increase your security, it is recommended that you <b>enable two-factor authentication</b>.</p>', '2019-07-05 09:09:55');

-- --------------------------------------------------------

--
-- Структура таблицы `tools`
--

CREATE TABLE `tools` (
  `id` int(11) NOT NULL,
  `name` varchar(100) COLLATE utf8mb4_unicode_ci DEFAULT NULL,
  `fullname` varchar(150) COLLATE utf8mb4_unicode_ci DEFAULT NULL,
  `categories` varchar(300) COLLATE utf8mb4_unicode_ci DEFAULT NULL,
  `description` varchar(500) COLLATE utf8mb4_unicode_ci DEFAULT NULL,
  `site` varchar(100) COLLATE utf8mb4_unicode_ci DEFAULT NULL,
  `github` varchar(500) COLLATE utf8mb4_unicode_ci DEFAULT NULL,
  `released` text COLLATE utf8mb4_unicode_ci DEFAULT NULL,
  `avatar` varchar(100) COLLATE utf8mb4_unicode_ci DEFAULT NULL,
  `cmd` varchar(100) COLLATE utf8mb4_unicode_ci DEFAULT NULL,
  `target` varchar(10) COLLATE utf8mb4_unicode_ci DEFAULT NULL,
  `resume` mediumtext COLLATE utf8mb4_unicode_ci DEFAULT NULL,
  `category` varchar(100) COLLATE utf8mb4_unicode_ci DEFAULT NULL,
  `category2` varchar(100) COLLATE utf8mb4_unicode_ci DEFAULT NULL,
  `solution` mediumtext COLLATE utf8mb4_unicode_ci DEFAULT NULL
) ENGINE=InnoDB DEFAULT CHARSET=utf8mb4 COLLATE=utf8mb4_unicode_ci;

--
-- Дамп данных таблицы `tools`
--

INSERT INTO `tools` (`id`, `name`, `fullname`, `categories`, `description`, `site`, `github`, `released`, `avatar`, `cmd`, `target`, `resume`, `category`, `category2`, `solution`) VALUES
(1, 'Nmap', 'Nmap: the Network Mapper', 'Сбор информации Анализ уязвимостей', 'https://tools.kali.org/information-gathering/nmap', 'https://insecure.org/', NULL, 'Yes', 'assets/img/nmap.jpg', 'nmap', NULL, 'nmap — свободная утилита, предназначенная для разнообразного настраиваемого сканирования IP-сетей с любым количеством объектов, определения состояния объектов сканируемой сети (портов и соответствующих им служб). Изначально программа была реализована для систем UNIX, но сейчас доступны версии для множества операционных систем.', 'Information Gathering', 'Vulnerability Analysis', '<b>Nmap</b> Работает путем проверки сети на наличие хостов и служб. После обнаружения программная платформа отправляет информацию о тех хостах и службах, которые включены.\r\n\r\n<h2 style=\'color: white\'>Защита</h2>\r\n<p></p>'),
(2, 'BetterCap', 'bettercap', 'Перехват и фальсификация', 'https://tools.kali.org/sniffingspoofing/bettercap', 'https://www.bettercap.org/', NULL, NULL, 'assets/img/bettercap.jpg', 'bettercap', NULL, NULL, 'Sniffing & Spoofing', NULL, NULL),
(3, 'theHarvester', 'theHarvester', 'Сбор информации', 'https://tools.kali.org/information-gathering/theharvester', NULL, 'https://github.com/laramies/theHarvester', 'Yes', NULL, 'python /home/kali/Downloads/theHarvester/theHarvester.py', '-d', 'theHarvester — это инструмент для сбора e-mail адресов, имён поддоменов, виртуальных хостов, открытых портов/банеров и имён работников из различных открытых источников (поисковые системы, сервера ключей pgp). Это по-настоящему простой инструмент, но эффективный на ранних этапах тестирования на проникновение или чтобы узнать, какую информацию могут собрать о вашей компании через Интернет.', 'Information Gathering', NULL, '<b>theHarvester</b> это отличный инструмент для сбора информации с конкретного хоста, с его помощью можно получить список электронных писем, поддоменов, хостов, имен сотрудников, открытых портов, баннеров из разных открытых источников, PGP-ключей и картографированной информации от SHODAN.\r\n\r\n'),
(4, 'Nikto', 'Nikto', 'Сбор информации Веб приложения', 'https://tools.kali.org/information-gathering/nikto', 'https://www.cirt.net/Nikto2', 'https://github.com/sullo/nikto', NULL, 'assets/img/nikto.png', 'nikto', '-h', 'Nikto – это простой открытый сканер веб-серверов, который проверяет веб-сайт и сообщает о найденных уязвимостях, которые могут быть использованы для эксплойта или взлома. Кроме того, это один из наиболее широко используемых инструментов сканирования веб-сайтов на уязвимости во всей отрасли, а во многих кругах он считается отраслевым стандартом. Несмотря на то, что этот инструмент чрезвычайно эффективен, он не действует скрытно.', 'Information Gathering', 'Web Applications', NULL),
(5, 'Aircrack-ng', 'Airckack-ng', 'Атаки на беспроводные сети', 'https://tools.kali.org/wireless-attacks/aircrack-ng', 'https://www.aircrack-ng.org/doku.php?id=aircrack-ng', 'https://gitlab.com/kalilinux/packages/aircrack-ng', NULL, NULL, NULL, NULL, 'Aircrack-ng — набор программ, предназначенных для обнаружения беспроводных сетей, перехвата передаваемого через беспроводные сети трафика, аудита WEP и WPA/WPA2-PSK ключей шифрования (проверка стойкости), в том числе пентеста (Penetration test) беспроводных сетей (подверженность атакам на оборудование и атакам на алгоритмы шифрования). Программа работает с любыми беспроводными сетевыми адаптерами, драйвер которых поддерживает режим мониторинга (список можно найти на сайте программы).', 'Wireless Attacks', NULL, NULL),
(6, 'THC-Hydra', 'THC-Hydra', 'Атаки на пароли', 'https://tools.kali.org/password-attacks/hydra', 'http://freeworld.thc.org/thc-hydra/', NULL, NULL, 'assets/img/hydrathc.jpg', NULL, NULL, 'THC-Hydra — это одна из самых быстрых и надежных программ для проверки безопасности и устойчивости систем к подбору паролей методом перебора (брутфорса). Также с её помощью можно восстанавливать забытые пароли к любым ресурсам, использующим для входа в систему пару логин и пароль. В базовой комплектации Гидра поддерживает свыше 50 различных протоколов и форматов обращений. ', 'Password Attacks', NULL, NULL),
(7, 'WPScan', 'WordPress Vulnerability Scanner', 'Веб приложения', 'https://tools.kali.org/web-applications/wpscan', 'http://wpscan.org/', 'https://github.com/wpscanteam/wpscan', NULL, 'assets/img/wpscan.png', 'wpscan', '--url', 'WPScan — это сканер уязвимостей WordPress, работающий по принципу «чёрного ящика», т. е. без доступа к исходному коду. Он может быть использован для сканирования удалённых сайтов WordPress в поисках проблем безопасности. Домашняя страница: http://wpscan.org/. Автор: The WPScan Team.', 'Web Applications', NULL, NULL),
(8, 'Dnstracer', 'dnstracer', 'Сбор иформации', 'https://tools.kali.org/information-gathering/dnstracer', 'http://freshmeat.net/projects/dnstracer', NULL, 'Yes', NULL, 'dnstracer', NULL, 'dnstracer определяет, откуда данный сервер доменных имен (DNS) получает информацию для заданного имени хоста, и следует по цепочке DNS-серверов обратно к достоверному ответу.', 'Information Gathering', NULL, NULL),
(10, 'Sqlninja', 'Sqlninja', 'Анализ уязвимостей Веб приложения', 'https://tools.kali.org/vulnerability-analysis/sqlninja', NULL, NULL, NULL, NULL, NULL, NULL, 'Sqlninja - это инструмент, предназначенный для использования уязвимостей SQL-инъекций в веб-приложении, использующем Microsoft SQL Server в качестве серверной части.\r\n\r\nЕго основная цель-обеспечить удаленный доступ к уязвимому серверу БД даже в очень враждебной среде. Он может использоваться тестировщиками на проникновение, чтобы помочь и автоматизировать процесс захвата сервера БД при обнаружении уязвимости SQL-инъекции.', 'Vulnerability Analysis', 'Web Applications', NULL),
(11, 'Powerfuzzer', 'Powerfuzzer', 'Анализ уязвимостей Веб приложения', 'https://tools.kali.org/vulnerability-analysis/powerfuzzer', 'https://www.powerfuzzer.com/', NULL, NULL, NULL, NULL, NULL, 'Powerfuzzer - это высоко автоматизированный фаззер, основанный на многих других доступных открытых фаззерах (включая cfuzzer, fuzzled, fuzzer.pl, jbrofuzz, webscarab, wapiti, Socket Fuzzer). Он может обнаружить XSS, инъекции (SQL, LDAP, команд, кода, XPATH) и другое. ', 'Vulnerability Analysis', 'Web Applications', NULL),
(12, 'ProxyStrike', 'ProxyStrike', 'Веб приложения', 'https://tools.kali.org/web-applications/proxystrike', NULL, NULL, NULL, NULL, NULL, NULL, 'ProxyStrike – это активное прокси для веб-приложений, инструмент, разработанный для обнаружения уязвимостей при просмотре приложения. Он был создан из-за проблем в пентестах веб-приложений, которые сильно завязаны на Javascript.', 'Web Applications', NULL, NULL),
(14, 'Dnsenum', 'Dnsenum', 'Сбор иформации', 'https://tools.kali.org/information-gathering/dnsenum', NULL, NULL, NULL, NULL, NULL, NULL, 'Dnsenum – это инструмент для перечисления DNS, который представляет собой процесс поиска всех DNS-серверов и записей DNS для организации. Перечисление DNS позволит нам собирать важную информацию об организации, такую как имена пользователей, имена компьютеров, IP-адреса и т. д. ', 'Information Gathering', NULL, NULL),
(15, 'Karma', 'Karma', 'Сбор иформации', NULL, NULL, 'https://github.com/decoxviii/karma', 'Yes', 'assets/img/github.jpg', 'karma', 'target', 'Karma-это инструмент, используемый для поиска утечек электронных писем с вашими паролями. Использование этой программы для атаки целей без предварительного согласия является незаконным.', 'Information Gathering', NULL, '<b>Karma</b> Найдите утечку электронных писем с вашими паролями. Если вы обнаружили известный пароль, связанный с вашей электронной почтой, вы должны немедленно изменить его.\r\n<h2 style=\'color: white\'>Как это исправить</h2>\r\n<p>рекомендуется изменить пароль вашей электронной почты и всех сервисов, которыми вы пользуетесь (Facebook, Twitter, Snapchat, Instagram, Netflix, Spotify и т. д.). Для этого перейдите на официальный сайт или сервисное приложение и измените свой пароль в настройках.\r\n</p>\r\n\r\n<p><b>Создайте надежный пароль</b>, который полностью отличается от текущего, и избегайте использования личных данных, таких как дата рождения, имя, cpf и т. д. Сочетание букв, цифр и специальных символов только повысит вашу безопасность.</p>\r\n\r\n<h2 style=\'color: white\'>PROTECTION</h2>\r\n<p>To increase your security, it is recommended that you <b>enable two-factor authentication</b>.</p>');

--
-- Индексы сохранённых таблиц
--

--
-- Индексы таблицы `commands`
--
ALTER TABLE `commands`
  ADD PRIMARY KEY (`id`);

--
-- Индексы таблицы `reports`
--
ALTER TABLE `reports`
  ADD PRIMARY KEY (`id`);

--
-- Индексы таблицы `tools`
--
ALTER TABLE `tools`
  ADD PRIMARY KEY (`id`);

--
-- AUTO_INCREMENT для сохранённых таблиц
--

--
-- AUTO_INCREMENT для таблицы `commands`
--
ALTER TABLE `commands`
  MODIFY `id` int(11) NOT NULL AUTO_INCREMENT, AUTO_INCREMENT=97;

--
-- AUTO_INCREMENT для таблицы `reports`
--
ALTER TABLE `reports`
  MODIFY `id` int(11) NOT NULL AUTO_INCREMENT, AUTO_INCREMENT=63;

--
-- AUTO_INCREMENT для таблицы `tools`
--
ALTER TABLE `tools`
  MODIFY `id` int(11) NOT NULL AUTO_INCREMENT, AUTO_INCREMENT=16;
COMMIT;

/*!40101 SET CHARACTER_SET_CLIENT=@OLD_CHARACTER_SET_CLIENT */;
/*!40101 SET CHARACTER_SET_RESULTS=@OLD_CHARACTER_SET_RESULTS */;
/*!40101 SET COLLATION_CONNECTION=@OLD_COLLATION_CONNECTION */;
